CdRP[uM],I45A_S70A,I45A_M73A,I45K_S70A,I45K_I107A,M73A_I107K,I45K_I107K,S70A_I107K
0.0,0.0,0.0,0.0,0.0,0.0,0.0,0.0
100.0,2.135112797028222,0.5676307558253345,2.2199559791100527,2.957812298991882,0.5063146803068016,3.5019969178666845,2.9537135943886206
200.0,3.496701756699068,1.1725554467746893,3.8529330178781898,4.9010305160540755,0.7974098348854483,5.772543744739899,4.98084637746982
300.0,4.88901646211432,1.62061818806347,5.049000187597206,6.5631195534972875,0.9521162280677427,7.437530032293632,6.714383489615575
400.0,5.680993918510503,1.8012617450654753,6.004922298872636,7.374864702668038,1.1400073026205673,8.471947937070176,7.563000961981579
500.0,6.0608890364723935,1.7624361604771341,6.292836617747572,8.06535115094565,1.106282914091298,9.158882712022708,8.155146884366262
600.0,6.512993008279799,1.885415694943767,6.9098813088900375,8.556324441293093,1.240415329998708,9.852531799311961,9.31556696068079
725.0,7.524318570219887,2.4757605440165733,7.795769192036356,9.712913702945846,1.5245867314734378,10.430772905893411,9.765841264287081
850.0,7.740583295721237,2.5464616755047995,8.43841668586145,9.987291152201026,1.862518407405848,11.04460754789379,10.292645958847219
975.0,7.832800881888251,2.6463215021709208,8.547275143012554,10.335297857726575,1.8323812647124373,11.34309281027096,10.657936829786026
