CdRP[uM],I45A_S70A,I45A_M73A,I45K_S70A,I45K_I107A,M73A_I107K,I45K_I107K,S70A_I107K
0.0,0.0,0.0,0.0,0.0,0.0,0.0,0.0
100.0,1.6855771724250983,0.24036961530941903,2.178746615086567,3.003628494774766,0.45029812866879665,3.361358430817542,2.9504015379160875
200.0,3.3720306283128276,0.9093261195144365,3.866056762111885,4.9709990581845105,0.7404372958016203,5.517366958039646,4.977093532826959
300.0,4.586592594654689,1.3596267139490188,5.049327204910128,6.684980074815691,0.841688367253312,7.159408741782719,6.381465256048825
400.0,5.273288257554641,1.3764184260338803,5.780650686307484,7.377571269022455,0.9847896580599103,8.141643063681187,7.209994653225824
500.0,5.314092629041607,1.2553706959264959,5.80895502061682,7.4531399944603205,0.9719216865752339,8.372317823126238,7.527566745393534
600.0,6.359044468277715,1.6630663364166516,6.9431832551550485,8.786459567928562,1.3077064791555126,9.67163553770526,9.173906263328753
725.0,7.190298593991293,2.137305311448353,7.566787579155571,9.614595876164605,1.340587829082535,10.176080812617922,9.437515147734425
850.0,7.287889551522772,2.1479171645825104,8.19460360314823,9.82579632326567,1.610444409669713,10.697204584648402,9.950352742513777
975.0,7.329417042276703,2.1842083818741944,8.196663970278506,10.075016432130795,1.4851771617546403,10.913328286758176,10.194007694458449
