CdRP[uM],SsWT,I45A,I45K,S70A,M73A,I107A,I107K
0.0,0.0,0.0,0.0,0.0,0.0,0.0,0.0
0.0,0.48428631279405493,0.4393559928921585,0.28458041032275605,0.5772691161957927,0.4546581004485205,0.18555065542334953,0.3042996708996098
0.0,0.3792371680577696,0.1339921834905371,0.41742977640819534,0.22224229270845258,0.09780807992105582,0.3895680157706149,0.06522068831294205
0.0,0.3357347182326353,0.18057902104670387,0.46700466326920675,0.3144993234404986,0.07296749657074458,0.40954690040320696,0.12318561953228771
0.0,0.5042458935369881,0.3302837419048807,0.5462390939721696,0.36981538080078197,0.07242799651740614,0.5512296578875123,0.1179406042833193
0.0,0.522469800773091,0.2843171151922948,0.6475551571011006,0.6087991322352091,0.04620800814070127,0.10424309972952216,1.3987163991863947
0.0,0.4574916063686809,0.3698501484576203,0.6077382439399391,0.24275971482343794,0.21648983528892776,0.5665451820420334,0.013485817867965561
0.0,0.44082291095484316,0.1749280113790848,0.5750538080157127,0.33413946287155305,0.2839294047814906,0.6288180170629627,0.49666572023878536
0.0,0.4681762119811771,0.3490826837436128,0.74336981143963,0.5087848805647034,0.486200691972288,0.6727603299770754,0.28345327909361623
0.0,0.47078271684413475,0.3447002448397741,0.7601749487437757,0.44367361325155713,0.5139127098151687,0.6005031682615334,0.1887510368713465
