CdRP[uM],I45A_S70A,I45A_M73A,I45K_S70A,I45K_I107A,M73A_I107K,I45K_I107K,S70A_I107K
0.0,0.0,0.0,0.0,0.0,0.0,0.0,0.0
0.0,0.14286510747996362,0.30970548809261494,0.10066217594282972,0.19738891407815856,0.1214325458019849,0.0739238427248041,0.035210385707382635
0.0,0.18909870344134072,0.19814932790470857,0.21535620931587737,0.349131719186183,0.1697454772877089,0.19774932345071064,0.22360847355978689
0.0,0.2401524828180806,0.22292468904204535,0.2831747077848889,0.2950464244152125,0.21791980907799646,0.14945494611714372,0.20940847220153136
0.0,0.25307512332822885,0.22892866437397277,0.2944183632341534,0.23544377404727088,0.2237269747080665,0.2974162614120078,0.2873006948399023
0.0,0.52935803355188,0.5053798141519299,0.6123186335410882,0.4463135748399958,0.39286187978440656,0.5434630338991803,0.4528816629584931
0.0,0.2018501605329355,0.11625759604781827,0.15155532744357436,0.255806799478094,0.12833178030622008,0.16354260216356936,0.2452578013845336
0.0,0.1359501323100108,0.08051916316501923,0.1741208031989047,0.16133213668153448,0.21392391520318027,0.1947446290059891,0.2990116762317322
0.0,0.14659936293967676,0.04810457511674167,0.19105358437256104,0.1570041839735784,0.15776456312644502,0.18011545744950305,0.26655518557627833
0.0,0.10534179449331124,0.03470728574787074,0.186742441951516,0.1760084124584832,0.16633293363610244,0.15677621077311166,0.26623291527481346
