CdRP[uM],I45A_S70A,I45A_M73A,I45K_S70A,I45K_I107A,M73A_I107K,I45K_I107K,S70A_I107K
0.0,0.0,0.0,0.0,0.0,0.0,0.0,0.0
100.0,1.652606177039475,1.7799350564452225,1.726854625934493,1.6105118554849271,0.8656783098582549,2.266413317415085,2.3685853677097786
200.0,2.317294776715264,2.9796624003871277,2.913775525855506,2.33566252379051,1.2046507462566947,3.550963604334678,4.109246618029126
300.0,3.4135714333477574,3.997912132843607,3.945542510616413,3.3369012637231896,1.5777911184080782,4.784880273114585,5.8658745163748796
400.0,3.9638622456241137,4.582469462434094,4.709435565590073,3.6834273605469185,1.8009797152396063,5.622752538460169,6.60364821765729
500.0,4.2749838600044,4.638618503066698,4.843431008210377,4.14026010977483,1.8215235368838893,5.8624546426625335,6.993179784256067
600.0,4.960853076452302,5.468789345613743,5.743446871746421,4.654481432042672,2.385947299706479,6.769636269964884,8.110817248159805
725.0,5.383466912097286,6.02287396221864,6.238939248323889,5.267656542375117,2.5832961259152896,7.094096157278244,8.677190663314397
850.0,5.63953321343367,6.116183509904542,6.786432021330024,5.580912219692366,3.003344480184019,7.591715408592948,9.11607269310971
975.0,5.779364253535988,6.414844530398902,6.884002079294443,5.853702794187771,3.081720063960001,7.906172929820721,9.530306844330672
