CdRP[uM],SsWT,I45A,I45K,S70A,M73A,I107A,I107K
0.0,0.0,0.0,0.0,0.0,0.0,0.0,0.0
100.0,1.9729985603125195,0.8030075388313122,2.1018683070201396,2.647791933261979,0.8413992687453883,3.2421539488737325,2.1321294228275054
200.0,3.655094760833658,1.6576983128076093,3.8226519834570336,3.9878840253414167,1.0260890597330667,5.293253003880412,4.2175564790017255
300.0,4.720048372942247,2.12440025345197,4.8477275215084275,5.30733264857902,1.3616280599490442,6.8854767791522935,5.855065722283879
400.0,5.763460105704774,2.525593794705182,5.964795944805206,6.113854875824233,1.5692822151753938,8.172634526618356,6.578480702111376
500.0,5.894809783743766,2.319853446501924,6.033274201095809,6.372705535503109,1.4688360907781932,,9.112687154522746
600.0,6.631010541034892,2.7229901034576103,6.679881577783549,6.873710224405883,1.8061626143406286,9.580109013518175,
725.0,7.216023030530686,2.900668290308835,7.362351835108053,7.756144418280432,2.0235131596946108,10.205792422762839,9.20137902540124
850.0,7.40282557172481,2.9658369615482405,7.919397741686668,7.917768202070198,2.340900961889813,10.64041247458969,9.174968174734303
975.0,7.52471573957619,2.9826503101839696,7.900134707817546,8.144815615826605,2.248911137603113,10.858027773738694,9.508233743544013
