CdRP[uM],SsWT,I45A,I45K,S70A,M73A,I107A,I107K
0.0,0.0,0.0,0.0,0.0,0.0,0.0,0.0
0.0,0.2413678032099489,0.29206302503561926,0.10063757809104214,0.3114275810222322,0.257952244408117,0.07160709388598523,0.18651590593346506
0.0,0.3015564406236224,0.2806007016890434,0.08860760100882968,0.20301867912554078,0.2683478808259645,0.24398284890357852,0.1315100987283072
0.0,0.28924746591679934,0.37288443023369466,0.058576486171590954,0.2954348654459108,0.1942830424468184,0.2475599798011283,0.05560334016427712
0.0,0.37853212395144437,0.34627017728145476,0.12495843604697325,0.34083659762858665,0.2609271278391348,0.2294244462570059,0.05377056338303499
0.0,0.3490934068424112,0.49144483734915057,0.31364544096154184,0.38414309858421064,0.28930231039381327,0.544229504082878,0.38397969577174973
0.0,0.1348409202557017,0.1903531887771024,0.35688135757553624,0.1737134707823542,0.18700755031396024,0.13699553605616974,0.1422773434186395
0.0,0.225215135953728,0.3506806333570144,0.20273951894485767,0.23859993532517404,0.20778966332242646,0.14060409375140803,0.05232509332372378
0.0,0.1474416162527261,0.22299553978388745,0.380116720266371,0.11383027516662571,0.22363790775093673,0.10961771705976868,0.1696581291531083
0.0,0.15217083937355938,0.21720750973350983,0.3100123410831411,0.18336052978840728,0.269611786414298,0.139626528905568,0.08613951285229403
