CdRP[uM],I45A_S70A,I45A_M73A,I45K_S70A,I45K_I107A,M73A_I107K,I45K_I107K,S70A_I107K
0.0,0.0,0.0,0.0,0.0,0.0,0.0,0.0
100.0,1.727558931726753,2.1308505595462575,1.8406038964700036,1.7065863173261737,1.0046458504191869,2.243357894774734,2.4009218429757864
200.0,2.3430235311752625,2.989322935397384,2.7446497074113103,2.07628809959572,1.0523183678355132,3.339594582941461,4.0966032499236045
300.0,3.344501078014242,3.905119594919375,3.6971683085174263,3.1414440582790237,1.362759479229177,4.636621851316324,5.83505459612628
400.0,3.7339105225059566,4.43262234629163,4.381415743099103,3.4581897919085263,1.5440175500249376,5.397864183542076,6.552773795711988
500.0,3.7315201748331894,4.191307630920505,4.175841792581608,3.693875600012537,1.4239266350359072,5.237939082987702,6.491210993648863
600.0,4.7434413154322606,5.380500496584105,5.579650559692998,4.589139294545242,2.2549590218088342,6.651522932185897,8.112782279474395
725.0,5.32663887715535,5.9916550987856105,6.0505590632356165,5.183739940445064,2.3374336592730893,6.920248231140046,8.705127969084693
850.0,5.510697826143263,6.095327238680472,6.575170923883055,5.457914026066575,2.828228397979986,7.479509165690935,9.144478797094141
975.0,5.705069792442908,6.376054890135376,6.701480728517378,5.696750674058401,2.9254812361185136,7.901586949802263,9.704867744782554
