CdRP[uM],SsWT,I45A,I45K,S70A,M73A,I107A,I107K
0.0,0.0,0.0,0.0,0.0,0.0,0.0,0.0
100.0,1.7248121977431332,0.6335475166270721,1.642144669407309,2.0837524570576678,0.5479508699506889,3.04682765041386,2.363663818837869
200.0,2.91351522046995,1.390003006884912,3.0007478319438583,3.657708093952033,1.1644105728670955,5.1618455182822816,4.102718900141777
300.0,4.048965820225282,1.7633740012303896,3.9965018421159706,4.739969837120026,1.2648788101917132,6.685134045469229,5.613416314157684
400.0,4.76392673827065,1.8899729342133982,4.914115546294492,5.412070556851654,1.4497139732500957,7.5714105925333035,6.34294077625487
500.0,4.881210501189595,1.7514285283447493,4.742323647193724,5.414027315923954,1.4264143133455403,7.516816509860347,6.477647748697886
600.0,6.107449645762658,2.5424995460431328,6.257364483817548,6.438885212278372,1.8913089176622864,9.09644486362497,7.881737226850172
725.0,6.384504552880149,2.563319868510469,6.594217698964549,7.273295335823251,2.0769327931503034,9.276870629584135,8.341773150075358
850.0,6.787871407765873,2.8040672088946756,7.271271914229032,7.589145976837486,2.5119280714446406,10.021429726473619,9.041145167331242
975.0,6.832883096928242,2.844463340228483,7.325312648278958,7.878219861444776,2.5062752692383246,10.27004607301461,9.259400825097782
