CdRP[uM],SsWT,I45A,I45K,S70A,M73A,I107A,I107K
0.0,0.0,0.0,0.0,0.0,0.0,0.0,0.0
100.0,2.365630996388178,2.780643158325209,2.420948785424678,2.407877640522768,1.2214472523972462,2.378764793215152,2.8667357717272717
200.0,3.572279034587351,4.378453903583332,4.225613041584967,3.4724863105878208,1.644957542091969,3.9031306247626842,4.849159288285981
300.0,4.569061816186993,5.691332026848931,5.3021839671716915,4.582358473616004,2.145315979718475,4.766768432722436,6.473927906919117
400.0,5.3665260798624566,6.081518621502453,6.24070682304024,5.089513995275133,2.3598747790996426,5.470493031373354,7.235228974867816
500.0,5.42198606850923,6.649333706428925,6.453188342227484,5.614307295288205,2.4572689167697175,5.938750767058432,8.108198899831814
600.0,5.936003906360908,6.783535888300372,7.00270289158416,5.800310558979502,2.731191523695296,6.4037885607619085,8.858586377046072
725.0,6.623492176445978,7.705508085658103,7.472921624878634,6.589136655039141,2.965142489122184,6.847855562504246,9.447296337690133
850.0,6.707901788654167,7.630855641144071,7.946743455475568,6.576323208705155,3.144975608514229,7.1911858565438935,9.69827721636274
975.0,6.780302127727609,7.841600337349464,7.893010637820967,6.866717767421777,3.213368995746885,7.366909636553183,10.243341070820595
