CdRP[uM],I45A_S70A,I45A_M73A,I45K_S70A,I45K_I107A,M73A_I107K,I45K_I107K,S70A_I107K
0.0,0.0,0.0,0.0,0.0,0.0,0.0,0.0
100.0,2.4293438641942293,0.6570876102924954,2.318151522801665,2.9149565546534917,0.4440945970474765,3.5921679964812143,2.8759769125831234
200.0,3.4796799266642413,1.0896791135115713,3.792591973614271,4.623562162270948,0.5607311700540298,5.7602641594092825,4.948093066159697
300.0,4.896469774885781,1.480402633429103,4.933401017975358,6.329293158077977,0.7752063297218869,7.449441393754194,6.809620155401554
400.0,5.816223729515878,1.832725766628243,6.010498570624843,7.2872447323267275,0.9945242461713821,8.570914556776101,7.720832784977144
500.0,6.167067163876937,1.7353219895747227,6.357708240343835,8.299114151194098,0.9246186249440149,9.334977109585013,8.217641588595326
600.0,6.666941548281883,2.1077650534708825,6.876579362625026,8.326189314657624,1.173124180841903,10.033428060918663,9.457227658032826
725.0,7.552818444042643,2.410630568105934,7.722207027331346,9.6160265746515,1.3551687277449649,10.539675267648411,9.871035019057935
850.0,7.6623575949056955,2.3813558673028536,8.264528803363861,9.768296214738465,1.6583835203735853,11.073504020181867,10.3348894076515
975.0,7.8401533258876395,2.5107034554590477,8.425055255899048,10.185704106793857,1.6472129730023273,11.424332692547356,10.815848895295526
