CdRP[uM],SsWT,I45A,I45K,S70A,M73A,I107A,I107K
0.0,0.0,0.0,0.0,0.0,0.0,0.0,0.0
100.0,2.119173218474985,0.967178119471417,1.9688733284197084,2.6565782587338505,0.9431276118416797,3.2355785869893485,2.4103735377323297
200.0,3.330260679327472,1.5202584908960697,3.369407238266497,3.7368937891080525,1.0952498163000812,5.005854082142901,4.142278790721689
300.0,4.391086176723813,1.946703398155326,4.311138609014354,5.102040622419011,1.2817142994679245,6.556035294403976,5.748098480080955
400.0,5.302411131094207,2.2596931599177292,5.35305585583179,5.830387015340295,1.485892490638955,7.605260130308634,6.464372340408105
500.0,5.3146870757884725,2.03118752076724,5.357858158549978,6.11006160427586,1.4239237378581884,7.590527512570998,7.524028251327205
600.0,6.152612483208813,2.4256659975812824,6.139626779821994,6.593943671832875,1.726185945464269,9.042478194590657,7.891273140114457
725.0,6.715668492083956,2.705230797706424,6.731181975108097,7.381349001244748,1.887023208663292,9.496594814499892,8.627879332455263
850.0,6.891512927324357,2.688893967246843,7.209078477630169,7.475449947482024,2.15008226205112,9.98604356140869,8.94902982623257
975.0,6.9944281758083955,2.718583024294214,7.206414742768476,7.767196944710922,2.090337684618797,10.261727239445564,9.30186709905694
