CdRP[uM],I45A_S70A,I45A_M73A,I45K_S70A,I45K_I107A,M73A_I107K,I45K_I107K,S70A_I107K
0.0,0.0,0.0,0.0,0.0,0.0,0.0,0.0
100.0,2.2904173544653372,0.805435041874089,2.1629697994419272,2.9548518475473875,0.6245513152041317,3.552464326301298,3.03476233266665
200.0,3.6383947151201363,1.5186611072980598,3.9001503179084143,5.108530327706767,1.0910610388006945,6.040000116770767,5.017352533422804
300.0,5.183987016802488,2.0218252168122883,5.164272339906132,6.675085427598196,1.239453987228029,7.7037399613439845,6.952065057396347
400.0,5.953469768460993,2.194641042534302,6.223617639685578,7.459778106654934,1.4407080036304092,8.703286190753241,7.758175447741766
500.0,6.701507316498637,2.296615795930184,6.711846592282058,8.44379930718253,1.4223084307546447,9.769353203356873,8.72023231910993
600.0,,,,,,,
725.0,7.829838672625726,2.8793457524954325,8.098312969622146,9.908118658021433,1.878003637592814,10.576562637413899,9.988973626068885
850.0,8.271502740735242,3.110111994629034,8.856117651072257,10.367780918598946,2.318727292174246,11.363114038851101,10.592695726376382
975.0,8.32883227750041,3.24405266917952,9.020106202860108,10.745173034255073,2.364753659380344,11.691617451507348,10.963953899604103
