CdRP[uM],I45A_S70A,I45A_M73A,I45K_S70A,I45K_I107A,M73A_I107K,I45K_I107K,S70A_I107K
0.0,0.0,0.0,0.0,0.0,0.0,0.0,0.0
0.0,0.39545777539056326,0.29296182461721393,0.0854049212788097,0.044410037669249065,0.10244289787499948,0.12340374137781561,0.07944450702429613
0.0,0.13399538689251125,0.31300742290826206,0.05496702515015669,0.2499404489822319,0.2697162306544739,0.2615328771172686,0.034781911011004515
0.0,0.29876694563953665,0.3526641683239967,0.1154360083672248,0.20256002420759286,0.25105219817405205,0.27236102795030503,0.2969824072348066
0.0,0.35969021154755365,0.4100177447719499,0.22153611793849434,0.08629852513422451,0.26045992828510645,0.2936095100790023,0.3062820744536158
0.0,0.6997751244487218,0.5211518236255309,0.45492806366472344,0.5351030963138576,0.27470618903962324,0.7149712519001461,0.5987837537246431
0.0,0.2177161131784837,0.3144494784140045,0.047096064061399275,0.32546021726632995,0.09516405576522419,0.2558259465467885,0.20033847945048036
0.0,0.3207211563817845,0.37528314558334,0.2732917017304519,0.1690539635414874,0.306154834682869,0.22133959495499564,0.2903892351032186
0.0,0.4964505732691255,0.5018960735735815,0.36342530960271463,0.33076564569241057,0.3958149182256634,0.33389385271693156,0.32324837038187615
0.0,0.4997481835123441,0.5427814194304106,0.4251088721777891,0.3592508671962804,0.46811235401878165,0.395453467358301,0.40854186447615853
