CdRP[uM],I45A_S70A,I45A_M73A,I45K_S70A,I45K_I107A,M73A_I107K,I45K_I107K,S70A_I107K
0.0,0.0,0.0,0.0,0.0,0.0,0.0,0.0
100.0,1.7423972439180448,1.6641532767526943,1.6492748885171558,1.7414708723947843,0.8123772520446607,2.3491173600424977,2.3310738515753164
200.0,2.492211769803646,3.1728047615370096,3.15621699613828,2.732626069290464,1.3876329545048884,3.7314622014165995,3.892228071984511
300.0,3.6806903153324764,4.252244872064496,4.253905090293833,3.676290275263452,1.7984886008348302,4.782515293428452,5.67358395262723
400.0,4.235006835883406,4.845987067892541,4.950804507654348,3.9278975725907377,1.9064044874706956,5.510418261838379,6.3451830965696185
500.0,4.789007561431793,5.186840564499055,5.378912473216173,4.58650271585423,2.20947267989861,6.227978790950649,7.117190557943575
600.0,5.142309090534676,5.600510239522938,5.878703189236981,4.936621782386689,2.511446431169433,6.701087639977484,7.864582835203173
725.0,5.538610441950287,6.114327790967877,6.272279250430848,5.453651509736635,2.6855590956828834,7.057496258442989,8.365190782648277
850.0,5.799042733492174,6.1711965320829165,6.837034998503148,5.757753837107178,3.0474234953814596,7.496164656692151,8.83645207029762
975.0,5.89992097667922,6.442963944512852,6.875828318953182,6.043997838536554,3.0630990193433236,7.751740022624582,9.223877280027587
