CdRP[uM],SsWT,I45A,I45K,S70A,M73A,I107A,I107K
0.0,0.0,0.0,0.0,0.0,0.0,0.0,0.0
100.0,2.1416464121043766,2.514817946339847,2.420998068431823,2.0485746878507816,0.9474010868830195,2.4083093488087837,3.0805030720120983
200.0,3.2272271025093473,4.059535597691071,4.143284393853239,3.279414064571649,1.5675287400364315,3.7463019822126946,4.871092711838692
300.0,4.284310581922893,5.278112469211092,5.282655485936885,4.316134299491547,1.937869050894654,4.733056804279858,6.522029177166597
400.0,5.014839096845132,5.801800580687437,6.096495987909271,4.719923037080993,2.133499264183755,5.250939480116617,7.279042183116697
500.0,5.239619865757973,6.160463252576008,6.364976619966289,5.238350441790481,2.308668466578087,5.7405255026297795,7.920633911482008
600.0,5.806343804009434,6.573508654553208,7.142909170691944,5.603176274829504,2.6664081020650787,6.321376894030327,8.94440097866142
725.0,6.3771173344615315,7.338445537949152,7.521386883771997,6.340502108757892,2.7706085693007814,6.686221645705793,9.479139660462414
850.0,6.537669044472257,7.373364629109158,7.688622589217296,6.502749486705844,3.09577464353965,7.148866720895483,9.891022726555423
975.0,6.604736696865481,7.591062676508936,8.10764524821161,6.803741655446743,3.1531631388007795,7.317591319232843,10.342436399890813
