CdRP[uM],SsWT,I45A,I45K,S70A,M73A,I107A,I107K
0.0,0.0,0.0,0.0,0.0,0.0,0.0,0.0
100.0,2.173291148366735,2.561637163065515,2.320385140894706,1.8816973796776557,0.7093167119790277,2.3562017692427326,3.1646746292768473
200.0,3.0952061979875864,3.949625303596497,4.154729976645141,3.0677305797284675,1.268979447966352,3.465202651092245,4.751928336760399
300.0,4.2931025786441195,5.1762881674388455,5.216809309299878,4.367752492986828,1.7601845874794464,4.470368550824144,6.509250037815618
400.0,5.063770533532034,5.909371144013334,6.028518161945047,4.652266274892061,1.8481239324723093,5.012777521783038,7.339048335450193
500.0,4.837111961690033,5.666483865891471,6.016671019063047,4.846513599907618,1.9752654501979403,5.124967508812758,7.478921915649128
600.0,5.666859435014441,6.524626644560219,6.87742185618163,5.536701584215133,2.4556231316075734,6.1632351175623015,9.108633186485191
725.0,6.326016218621609,7.302987628221172,7.347272212878361,6.113395848202198,2.5517111867449316,6.592161995550443,9.450593159221214
850.0,6.454706694070657,7.245510641142336,7.867001475023818,6.371636001056062,2.851632906233604,7.024397608682222,10.017739459854276
975.0,6.523162763142628,7.47590634627658,7.966856447797472,6.597191922114736,2.858538081828904,7.159998548356894,10.384560959160659
