CdRP[uM],I45A_S70A,I45A_M73A,I45K_S70A,I45K_I107A,M73A_I107K,I45K_I107K,S70A_I107K
0.0,0.0,0.0,0.0,0.0,0.0,0.0,0.0
100.0,1.4878623554736268,1.5448013330367159,1.6906850928163195,1.3834783767338232,0.780011827110917,2.206764697428022,2.373760408578232
200.0,2.116649029166884,2.77685950422699,2.840459874016927,2.198073402485347,1.1740009164296823,3.5818340286459738,4.338908532179264
300.0,3.2155229066965534,3.8363719315469504,3.8855541330379793,3.1929694576270933,1.5721252751602268,4.935503674598982,6.088985000371128
400.0,3.9226693784829787,4.46879897311811,4.796086446016766,3.6641947171414913,1.952517108223186,5.959975170000053,6.912987760690262
500.0,4.304423843748216,4.537707313780533,4.975538758833352,4.140402013457722,1.8311712957171502,6.121446054049248,7.3711378011757605
600.0,4.9968088233899675,5.425357300734188,5.771986866309287,4.437683219196086,2.39143644614117,6.956298237731273,8.355086629801848
725.0,5.28515141718622,5.96263899690243,6.393979431305204,5.165578176943653,2.726895622789896,7.3045439822516975,8.961253238210219
850.0,5.608859080665575,6.08202675895024,6.947090141603869,5.527068795903345,3.134381547190612,7.7994724033957565,9.36728721193737
975.0,5.733101991485836,6.4255147565484805,7.074697190412767,5.820359869968358,3.2565799364181665,8.06519181703532,9.662175508181875
