CdRP[uM],SsWT,I45A,I45K,S70A,M73A,I107A,I107K
0.0,0.0,0.0,0.0,0.0,0.0,0.0,0.0
100.0,1.8860170915582162,2.2021735176288177,2.5216602789760847,1.8561490433519214,0.9114392962727845,2.4899614839684663,3.2100988150321768
200.0,3.014196074953103,3.8505275858933854,4.04951016332961,3.2980253033986586,1.7886492300509729,3.870572670783155,5.012190510469696
300.0,3.990767350937565,4.9667172133455,5.3289731813390855,3.998291931871808,1.9081065854860417,4.962033429292994,6.582909586765053
400.0,4.6142206771409064,5.414511976546522,6.020262978742525,4.417988841075787,2.1924990809793137,5.269547887193459,7.262849239032083
500.0,5.459761567074656,6.1655721854076315,6.625070498608339,5.254230430175622,2.493471032766603,6.157858232018148,8.174780918965082
600.0,5.8161680706529575,6.4123634307990365,7.548602764310043,5.472516681293878,2.8124096508923664,6.3971070037667745,8.865983372452995
725.0,6.181843608317009,7.006840899968182,7.743966813558995,6.318973823032338,2.7949720320352287,6.618647379062688,9.539529484475896
850.0,6.4503986506919455,7.243727605041067,7.2521228371525,6.560289250356315,3.290715415871117,7.231016697460332,9.957051503449254
975.0,6.510745199726206,7.455681345900765,8.463068659016391,6.9473152768037165,3.38758233882655,7.425865772788452,10.39940716969119
